FagNivaa	EnhetNivaa	Vurderingsfagkode	Nasjonaltkode	Fylkekode	Organisasjonsnummer	Vurderingsfagnavn	Nasjonalt	Fylke	EnhetNavn	2024-25.Muntlig eksamen.Alle eierformer.Alle kjønn.Snittkarakter	2024-25.Muntlig eksamen.Alle eierformer.Alle kjønn.Antall elever	2024-25.Skriftlig eksamen.Alle eierformer.Alle kjønn.Snittkarakter	2024-25.Skriftlig eksamen.Alle eierformer.Alle kjønn.Antall elever	2024-25.Standpunkt.Alle eierformer.Alle kjønn.Snittkarakter	2024-25.Standpunkt.Alle eierformer.Alle kjønn.Antall elever
2	0	ENG1007	Alle	0	Alle	Engelsk vg1 studieforberedende utdanningsprogram	Hele landet	Alle fylker	Alle skoler			4,2	3 173	4,5	35 107
2	1	ENG1007	I	0	I	Engelsk vg1 studieforberedende utdanningsprogram	Hele landet	Alle fylker	Alle skoler			4,2	3 173	4,5	35 107
2	2	ENG1007	I	3	03	Engelsk vg1 studieforberedende utdanningsprogram	Hele landet	Oslo	Alle skoler			4,3	341	4,6	5 614
2	3	ENG1007	I	3	887664102	Engelsk vg1 studieforberedende utdanningsprogram	Hele landet	Oslo	Akademiet Oslo AS			4,4	12	4,5	154
2	3	ENG1007	I	3	988938386	Engelsk vg1 studieforberedende utdanningsprogram	Hele landet	Oslo	Akademiet Vgs Bislett AS					4,3	45
2	3	ENG1007	I	3	974591006	Engelsk vg1 studieforberedende utdanningsprogram	Hele landet	Oslo	Bjerke videregående skole					4,1	284
2	3	ENG1007	I	3	990574898	Engelsk vg1 studieforberedende utdanningsprogram	Hele landet	Oslo	Bjørnholt videregående skole					4,3	54
2	3	ENG1007	I	3	912703312	Engelsk vg1 studieforberedende utdanningsprogram	Hele landet	Oslo	Blindern videregående skole			4,2	25	4,3	303
2	3	ENG1007	I	3	912001709	Engelsk vg1 studieforberedende utdanningsprogram	Hele landet	Oslo	Edvard Munch videregående skole			*	*	5,1	319
2	3	ENG1007	I	3	873626372	Engelsk vg1 studieforberedende utdanningsprogram	Hele landet	Oslo	Eikelund videregående skole					4,6	8
2	3	ENG1007	I	3	974590999	Engelsk vg1 studieforberedende utdanningsprogram	Hele landet	Oslo	Elvebakken videregående skole			5,0	29	5,4	408
2	3	ENG1007	I	3	974590867	Engelsk vg1 studieforberedende utdanningsprogram	Hele landet	Oslo	Foss videregående skole			4,6	11	5,0	305
2	3	ENG1007	I	3	995821664	Engelsk vg1 studieforberedende utdanningsprogram	Hele landet	Oslo	Fyrstikkalleen skole			4,4	20	4,5	210
2	3	ENG1007	I	3	974590891	Engelsk vg1 studieforberedende utdanningsprogram	Hele landet	Oslo	Hartvig Nissens skole			4,2	9	4,7	237
2	3	ENG1007	I	3	974590956	Engelsk vg1 studieforberedende utdanningsprogram	Hele landet	Oslo	Hellerud videregående skole			3,5	6	4,2	173
2	3	ENG1007	I	3	974192020	Engelsk vg1 studieforberedende utdanningsprogram	Hele landet	Oslo	Heltberg private gymnas					4,7	33
2	3	ENG1007	I	3	912001008	Engelsk vg1 studieforberedende utdanningsprogram	Hele landet	Oslo	Hersleb videregående skole			3,5	10	3,5	92
2	3	ENG1007	I	3	999173926	Engelsk vg1 studieforberedende utdanningsprogram	Hele landet	Oslo	Kongshavn videregående skole			3,6	14	4,4	181
2	3	ENG1007	I	3	873626402	Engelsk vg1 studieforberedende utdanningsprogram	Hele landet	Oslo	Kongsskogen videregående skole			4,8	13	4,9	15
2	3	ENG1007	I	3	974117797	Engelsk vg1 studieforberedende utdanningsprogram	Hele landet	Oslo	Kristelig gymnasium AS videregående skole					4,9	179
2	3	ENG1007	I	3	899178092	Engelsk vg1 studieforberedende utdanningsprogram	Hele landet	Oslo	Kuben videregående skole			4,0	9	3,9	230
2	3	ENG1007	I	3	974590913	Engelsk vg1 studieforberedende utdanningsprogram	Hele landet	Oslo	Lambertseter videregående skole			4,2	9	4,5	292
2	3	ENG1007	I	3	996216454	Engelsk vg1 studieforberedende utdanningsprogram	Hele landet	Oslo	Nydalen videregående skole			4,8	40	5,5	188
2	3	ENG1007	I	3	974590883	Engelsk vg1 studieforberedende utdanningsprogram	Hele landet	Oslo	Oslo Handelsgymnasium			4,2	27	4,4	246
2	3	ENG1007	I	3	874590932	Engelsk vg1 studieforberedende utdanningsprogram	Hele landet	Oslo	Oslo katedralskole			4,2	18	5,0	205
2	3	ENG1007	I	3	972286389	Engelsk vg1 studieforberedende utdanningsprogram	Hele landet	Oslo	Oslo private gymnasium AS					5,0	72
2	3	ENG1007	I	3	873626232	Engelsk vg1 studieforberedende utdanningsprogram	Hele landet	Oslo	Oslo voksenopplæring Rosenhof					3,1	15
2	3	ENG1007	I	3	971816309	Engelsk vg1 studieforberedende utdanningsprogram	Hele landet	Oslo	Otto Treider private gymnas AS			3,3	12	4,1	84
2	3	ENG1007	I	3	974590948	Engelsk vg1 studieforberedende utdanningsprogram	Hele landet	Oslo	Persbråten videregående skole			4,3	12	4,0	184
2	3	ENG1007	I	3	974591065	Engelsk vg1 studieforberedende utdanningsprogram	Hele landet	Oslo	Stovner videregående skole			3,0	7	4,0	97
2	3	ENG1007	I	3	974590964	Engelsk vg1 studieforberedende utdanningsprogram	Hele landet	Oslo	Ullern videregående skole			4,4	17	4,7	276
2	3	ENG1007	I	3	974590972	Engelsk vg1 studieforberedende utdanningsprogram	Hele landet	Oslo	Ulsrud videregående skole			3,1	14	3,5	101
2	3	ENG1007	I	3	917527067	Engelsk vg1 studieforberedende utdanningsprogram	Hele landet	Oslo	Valle Hovin videregående skole			*	*	4,9	209
2	3	ENG1007	I	3	925607797	Engelsk vg1 studieforberedende utdanningsprogram	Hele landet	Oslo	Vika videregående skole			4,7	11	4,4	218
2	3	ENG1007	I	3	971816317	Engelsk vg1 studieforberedende utdanningsprogram	Hele landet	Oslo	Wang videregående Skole/ Wang Toppidrett					4,4	197
2	0	ENG1009	Alle	0	Alle	Engelsk vg1 yrkesfaglige utdanningsprogram	Hele landet	Alle fylker	Alle skoler			3,4	2 323	3,9	29 860
2	1	ENG1009	I	0	I	Engelsk vg1 yrkesfaglige utdanningsprogram	Hele landet	Alle fylker	Alle skoler			3,4	2 323	3,9	29 860
2	2	ENG1009	I	3	03	Engelsk vg1 yrkesfaglige utdanningsprogram	Hele landet	Oslo	Alle skoler			3,5	94	4,0	1 422
2	3	ENG1009	I	3	913711793	Engelsk vg1 yrkesfaglige utdanningsprogram	Hele landet	Oslo	Akademiet Norsk restaurantskole Sti					3,5	27
2	3	ENG1009	I	3	887664102	Engelsk vg1 yrkesfaglige utdanningsprogram	Hele landet	Oslo	Akademiet Oslo AS					4,7	23
2	3	ENG1009	I	3	990574898	Engelsk vg1 yrkesfaglige utdanningsprogram	Hele landet	Oslo	Bjørnholt videregående skole			*	*	4,1	94
2	3	ENG1009	I	3	912001709	Engelsk vg1 yrkesfaglige utdanningsprogram	Hele landet	Oslo	Edvard Munch videregående skole			*	*	4,1	63
2	3	ENG1009	I	3	873626372	Engelsk vg1 yrkesfaglige utdanningsprogram	Hele landet	Oslo	Eikelund videregående skole					*	*
2	3	ENG1009	I	3	974590999	Engelsk vg1 yrkesfaglige utdanningsprogram	Hele landet	Oslo	Elvebakken videregående skole					4,9	103
2	3	ENG1009	I	3	974591022	Engelsk vg1 yrkesfaglige utdanningsprogram	Hele landet	Oslo	Etterstad videregående skole			2,9	19	3,5	214
2	3	ENG1009	I	3	995821664	Engelsk vg1 yrkesfaglige utdanningsprogram	Hele landet	Oslo	Fyrstikkalleen skole			4,4	8	4,6	39
2	3	ENG1009	I	3	974590956	Engelsk vg1 yrkesfaglige utdanningsprogram	Hele landet	Oslo	Hellerud videregående skole					3,5	46
2	3	ENG1009	I	3	912001008	Engelsk vg1 yrkesfaglige utdanningsprogram	Hele landet	Oslo	Hersleb videregående skole					3,4	53
2	3	ENG1009	I	3	899178092	Engelsk vg1 yrkesfaglige utdanningsprogram	Hele landet	Oslo	Kuben videregående skole			4,1	15	3,9	397
2	3	ENG1009	I	3	974714426	Engelsk vg1 yrkesfaglige utdanningsprogram	Hele landet	Oslo	Natur videregående skole Sti					4,7	22
2	3	ENG1009	I	3	996216454	Engelsk vg1 yrkesfaglige utdanningsprogram	Hele landet	Oslo	Nydalen videregående skole			3,9	38	4,5	130
2	3	ENG1009	I	3	988045500	Engelsk vg1 yrkesfaglige utdanningsprogram	Hele landet	Oslo	Oslo voksenopplæring Helsfyr					*	*
2	3	ENG1009	I	3	974591065	Engelsk vg1 yrkesfaglige utdanningsprogram	Hele landet	Oslo	Stovner videregående skole			*	*	3,1	87
2	3	ENG1009	I	3	974590964	Engelsk vg1 yrkesfaglige utdanningsprogram	Hele landet	Oslo	Ullern videregående skole					4,4	29
2	3	ENG1009	I	3	974590972	Engelsk vg1 yrkesfaglige utdanningsprogram	Hele landet	Oslo	Ulsrud videregående skole			*	*	3,9	86
2	0	MAT1023	Alle	0	Alle	Matematikk 2P	Hele landet	Alle fylker	Alle skoler			3,0	5 028	3,6	21 120
2	1	MAT1023	I	0	I	Matematikk 2P	Hele landet	Alle fylker	Alle skoler			3,0	5 028	3,6	21 120
2	2	MAT1023	I	3	03	Matematikk 2P	Hele landet	Oslo	Alle skoler			3,1	640	3,5	3 085
2	3	MAT1023	I	3	887664102	Matematikk 2P	Hele landet	Oslo	Akademiet Oslo AS			2,5	23	3,5	96
2	3	MAT1023	I	3	988938386	Matematikk 2P	Hele landet	Oslo	Akademiet Vgs Bislett AS					3,9	16
2	3	MAT1023	I	3	974591006	Matematikk 2P	Hele landet	Oslo	Bjerke videregående skole			2,4	26	2,9	214
2	3	MAT1023	I	3	990574898	Matematikk 2P	Hele landet	Oslo	Bjørnholt videregående skole			1,6	23	3,2	53
2	3	MAT1023	I	3	912703312	Matematikk 2P	Hele landet	Oslo	Blindern videregående skole			3,1	35	3,3	93
2	3	MAT1023	I	3	912001709	Matematikk 2P	Hele landet	Oslo	Edvard Munch videregående skole			4,0	50	3,9	205
2	3	MAT1023	I	3	873626372	Matematikk 2P	Hele landet	Oslo	Eikelund videregående skole					3,1	17
2	3	MAT1023	I	3	974590999	Matematikk 2P	Hele landet	Oslo	Elvebakken videregående skole			4,6	47	4,6	148
2	3	MAT1023	I	3	974590867	Matematikk 2P	Hele landet	Oslo	Foss videregående skole			4,1	22	4,3	121
2	3	MAT1023	I	3	995821664	Matematikk 2P	Hele landet	Oslo	Fyrstikkalleen skole			2,5	19	3,6	144
2	3	MAT1023	I	3	974590891	Matematikk 2P	Hele landet	Oslo	Hartvig Nissens skole			3,0	42	3,3	172
2	3	MAT1023	I	3	974590956	Matematikk 2P	Hele landet	Oslo	Hellerud videregående skole			2,3	12	2,7	91
2	3	MAT1023	I	3	974192020	Matematikk 2P	Hele landet	Oslo	Heltberg private gymnas			2,1	11	3,3	46
2	3	MAT1023	I	3	912001008	Matematikk 2P	Hele landet	Oslo	Hersleb videregående skole			1,8	14	2,4	62
2	3	MAT1023	I	3	999173926	Matematikk 2P	Hele landet	Oslo	Kongshavn videregående skole			2,7	19	3,3	121
2	3	MAT1023	I	3	873626402	Matematikk 2P	Hele landet	Oslo	Kongsskogen videregående skole			*	*	4,1	15
2	3	MAT1023	I	3	974117797	Matematikk 2P	Hele landet	Oslo	Kristelig gymnasium AS videregående skole			3,0	28	3,9	98
2	3	MAT1023	I	3	899178092	Matematikk 2P	Hele landet	Oslo	Kuben videregående skole			2,6	34	2,9	108
2	3	MAT1023	I	3	974590913	Matematikk 2P	Hele landet	Oslo	Lambertseter videregående skole			3,4	33	3,5	233
2	3	MAT1023	I	3	996216454	Matematikk 2P	Hele landet	Oslo	Nydalen videregående skole			4,2	13	4,6	43
2	3	MAT1023	I	3	974590883	Matematikk 2P	Hele landet	Oslo	Oslo Handelsgymnasium			2,6	26	3,3	178
2	3	MAT1023	I	3	874590932	Matematikk 2P	Hele landet	Oslo	Oslo katedralskole			3,6	13	3,9	55
2	3	MAT1023	I	3	972286389	Matematikk 2P	Hele landet	Oslo	Oslo private gymnasium AS					4,4	21
2	3	MAT1023	I	3	971816309	Matematikk 2P	Hele landet	Oslo	Otto Treider private gymnas AS					3,0	56
2	3	MAT1023	I	3	974590948	Matematikk 2P	Hele landet	Oslo	Persbråten videregående skole			3,5	26	3,3	122
2	3	MAT1023	I	3	974591065	Matematikk 2P	Hele landet	Oslo	Stovner videregående skole			1,8	16	3,0	66
2	3	MAT1023	I	3	974590964	Matematikk 2P	Hele landet	Oslo	Ullern videregående skole			*	*	4,5	113
2	3	MAT1023	I	3	974590972	Matematikk 2P	Hele landet	Oslo	Ulsrud videregående skole			2,2	26	2,8	68
2	3	MAT1023	I	3	917527067	Matematikk 2P	Hele landet	Oslo	Valle Hovin videregående skole			3,5	16	3,9	90
2	3	MAT1023	I	3	925607797	Matematikk 2P	Hele landet	Oslo	Vika videregående skole			3,3	27	3,8	111
2	3	MAT1023	I	3	971816317	Matematikk 2P	Hele landet	Oslo	Wang videregående Skole/ Wang Toppidrett			3,5	20	3,8	109
2	0	MAT1151	Alle	0	Alle	Matematikk 2P-Y	Hele landet	Alle fylker	Alle skoler			2,7	4 527	3,4	8 913
2	1	MAT1151	I	0	I	Matematikk 2P-Y	Hele landet	Alle fylker	Alle skoler			2,7	4 527	3,4	8 913
2	2	MAT1151	I	3	03	Matematikk 2P-Y	Hele landet	Oslo	Alle skoler			2,4	321	3,3	604
2	3	MAT1151	I	3	887664102	Matematikk 2P-Y	Hele landet	Oslo	Akademiet Oslo AS			3,2	26	3,8	48
2	3	MAT1151	I	3	988938386	Matematikk 2P-Y	Hele landet	Oslo	Akademiet Vgs Bislett AS			3,3	11	4,4	24
2	3	MAT1151	I	3	873626372	Matematikk 2P-Y	Hele landet	Oslo	Eikelund videregående skole			2,3	10	2,5	10
2	3	MAT1151	I	3	974590999	Matematikk 2P-Y	Hele landet	Oslo	Elvebakken videregående skole			3,2	11	4,1	31
2	3	MAT1151	I	3	974591022	Matematikk 2P-Y	Hele landet	Oslo	Etterstad videregående skole			2,2	57	3,3	100
2	3	MAT1151	I	3	974590956	Matematikk 2P-Y	Hele landet	Oslo	Hellerud videregående skole			2,1	35	3,0	106
2	3	MAT1151	I	3	912001008	Matematikk 2P-Y	Hele landet	Oslo	Hersleb videregående skole			2,4	65	3,2	97
2	3	MAT1151	I	3	899178092	Matematikk 2P-Y	Hele landet	Oslo	Kuben videregående skole			3,1	20	3,0	35
2	3	MAT1151	I	3	974714426	Matematikk 2P-Y	Hele landet	Oslo	Natur videregående skole Sti					3,4	21
2	3	MAT1151	I	3	974591065	Matematikk 2P-Y	Hele landet	Oslo	Stovner videregående skole			1,8	41	2,7	72
2	3	MAT1151	I	3	974590972	Matematikk 2P-Y	Hele landet	Oslo	Ulsrud videregående skole			2,3	45	3,2	60
2	0	NOR1262	Alle	0	Alle	Norsk, vg2 yrkesfaglige utdanningsprogram	Hele landet	Alle fylker	Alle skoler			3,3	2 869	3,8	24 726
2	1	NOR1262	I	0	I	Norsk, vg2 yrkesfaglige utdanningsprogram	Hele landet	Alle fylker	Alle skoler			3,3	2 869	3,8	24 726
2	2	NOR1262	I	3	03	Norsk, vg2 yrkesfaglige utdanningsprogram	Hele landet	Oslo	Alle skoler			3,3	105	3,7	1 063
2	3	NOR1262	I	3	913711793	Norsk, vg2 yrkesfaglige utdanningsprogram	Hele landet	Oslo	Akademiet Norsk restaurantskole Sti					*	*
2	3	NOR1262	I	3	887664102	Norsk, vg2 yrkesfaglige utdanningsprogram	Hele landet	Oslo	Akademiet Oslo AS			*	*	4,7	23
2	3	NOR1262	I	3	990574898	Norsk, vg2 yrkesfaglige utdanningsprogram	Hele landet	Oslo	Bjørnholt videregående skole			*	*	3,4	71
2	3	NOR1262	I	3	912001709	Norsk, vg2 yrkesfaglige utdanningsprogram	Hele landet	Oslo	Edvard Munch videregående skole			4,3	11	4,0	55
2	3	NOR1262	I	3	873626372	Norsk, vg2 yrkesfaglige utdanningsprogram	Hele landet	Oslo	Eikelund videregående skole					*	*
2	3	NOR1262	I	3	974590999	Norsk, vg2 yrkesfaglige utdanningsprogram	Hele landet	Oslo	Elvebakken videregående skole			3,8	12	4,1	75
2	3	NOR1262	I	3	974591022	Norsk, vg2 yrkesfaglige utdanningsprogram	Hele landet	Oslo	Etterstad videregående skole			2,0	15	3,3	154
2	3	NOR1262	I	3	995821664	Norsk, vg2 yrkesfaglige utdanningsprogram	Hele landet	Oslo	Fyrstikkalleen skole			2,9	13	3,8	44
2	3	NOR1262	I	3	974590956	Norsk, vg2 yrkesfaglige utdanningsprogram	Hele landet	Oslo	Hellerud videregående skole			2,6	7	3,7	33
2	3	NOR1262	I	3	912001008	Norsk, vg2 yrkesfaglige utdanningsprogram	Hele landet	Oslo	Hersleb videregående skole					3,5	38
2	3	NOR1262	I	3	899178092	Norsk, vg2 yrkesfaglige utdanningsprogram	Hele landet	Oslo	Kuben videregående skole			2,8	9	3,6	272
2	3	NOR1262	I	3	974714426	Norsk, vg2 yrkesfaglige utdanningsprogram	Hele landet	Oslo	Natur videregående skole Sti			*	*	*	*
2	3	NOR1262	I	3	996216454	Norsk, vg2 yrkesfaglige utdanningsprogram	Hele landet	Oslo	Nydalen videregående skole					4,3	135
2	3	NOR1262	I	3	988045500	Norsk, vg2 yrkesfaglige utdanningsprogram	Hele landet	Oslo	Oslo voksenopplæring Helsfyr					*	*
2	3	NOR1262	I	3	974591065	Norsk, vg2 yrkesfaglige utdanningsprogram	Hele landet	Oslo	Stovner videregående skole			*	*	2,9	73
2	3	NOR1262	I	3	974590964	Norsk, vg2 yrkesfaglige utdanningsprogram	Hele landet	Oslo	Ullern videregående skole			4,0	6	4,1	28
2	3	NOR1262	I	3	974590972	Norsk, vg2 yrkesfaglige utdanningsprogram	Hele landet	Oslo	Ulsrud videregående skole					*	*
2	0	NOR1267	Alle	0	Alle	Norsk hovedmål, vg3 studieforberedende utdanningsprogram, skriftlig	Hele landet	Alle fylker	Alle skoler			3,7	32 205	4,1	32 500
2	1	NOR1267	I	0	I	Norsk hovedmål, vg3 studieforberedende utdanningsprogram, skriftlig	Hele landet	Alle fylker	Alle skoler			3,7	32 205	4,1	32 500
2	2	NOR1267	I	3	03	Norsk hovedmål, vg3 studieforberedende utdanningsprogram, skriftlig	Hele landet	Oslo	Alle skoler			3,7	5 027	4,1	5 126
2	3	NOR1267	I	3	887664102	Norsk hovedmål, vg3 studieforberedende utdanningsprogram, skriftlig	Hele landet	Oslo	Akademiet Oslo AS			3,0	135	3,8	136
2	3	NOR1267	I	3	988938386	Norsk hovedmål, vg3 studieforberedende utdanningsprogram, skriftlig	Hele landet	Oslo	Akademiet Vgs Bislett AS			3,7	52	4,3	53
2	3	NOR1267	I	3	974591006	Norsk hovedmål, vg3 studieforberedende utdanningsprogram, skriftlig	Hele landet	Oslo	Bjerke videregående skole			3,1	285	3,8	289
2	3	NOR1267	I	3	990574898	Norsk hovedmål, vg3 studieforberedende utdanningsprogram, skriftlig	Hele landet	Oslo	Bjørnholt videregående skole			3,1	79	3,6	79
2	3	NOR1267	I	3	912703312	Norsk hovedmål, vg3 studieforberedende utdanningsprogram, skriftlig	Hele landet	Oslo	Blindern videregående skole			3,9	171	4,1	220
2	3	NOR1267	I	3	973480634	Norsk hovedmål, vg3 studieforberedende utdanningsprogram, skriftlig	Hele landet	Oslo	Den Tysk-Norske skolen i Oslo avd grunnskole Sporveisgata			3,9	16	4,4	16
2	3	NOR1267	I	3	912001709	Norsk hovedmål, vg3 studieforberedende utdanningsprogram, skriftlig	Hele landet	Oslo	Edvard Munch videregående skole			4,1	342	4,4	345
2	3	NOR1267	I	3	873626372	Norsk hovedmål, vg3 studieforberedende utdanningsprogram, skriftlig	Hele landet	Oslo	Eikelund videregående skole			3,4	11	4,3	15
2	3	NOR1267	I	3	974590999	Norsk hovedmål, vg3 studieforberedende utdanningsprogram, skriftlig	Hele landet	Oslo	Elvebakken videregående skole			4,4	374	4,9	377
2	3	NOR1267	I	3	974590867	Norsk hovedmål, vg3 studieforberedende utdanningsprogram, skriftlig	Hele landet	Oslo	Foss videregående skole			4,1	300	4,4	304
2	3	NOR1267	I	3	995821664	Norsk hovedmål, vg3 studieforberedende utdanningsprogram, skriftlig	Hele landet	Oslo	Fyrstikkalleen skole			3,3	185	3,7	189
2	3	NOR1267	I	3	974590891	Norsk hovedmål, vg3 studieforberedende utdanningsprogram, skriftlig	Hele landet	Oslo	Hartvig Nissens skole			3,9	182	4,3	184
2	3	NOR1267	I	3	974590956	Norsk hovedmål, vg3 studieforberedende utdanningsprogram, skriftlig	Hele landet	Oslo	Hellerud videregående skole			2,8	99	3,4	99
2	3	NOR1267	I	3	974192020	Norsk hovedmål, vg3 studieforberedende utdanningsprogram, skriftlig	Hele landet	Oslo	Heltberg private gymnas			3,1	65	4,0	65
2	3	NOR1267	I	3	912001008	Norsk hovedmål, vg3 studieforberedende utdanningsprogram, skriftlig	Hele landet	Oslo	Hersleb videregående skole			2,5	75	3,0	75
2	3	NOR1267	I	3	999173926	Norsk hovedmål, vg3 studieforberedende utdanningsprogram, skriftlig	Hele landet	Oslo	Kongshavn videregående skole			3,6	141	3,9	142
2	3	NOR1267	I	3	873626402	Norsk hovedmål, vg3 studieforberedende utdanningsprogram, skriftlig	Hele landet	Oslo	Kongsskogen videregående skole			3,7	23	4,3	23
2	3	NOR1267	I	3	974117797	Norsk hovedmål, vg3 studieforberedende utdanningsprogram, skriftlig	Hele landet	Oslo	Kristelig gymnasium AS videregående skole			4,0	179	4,3	180
2	3	NOR1267	I	3	899178092	Norsk hovedmål, vg3 studieforberedende utdanningsprogram, skriftlig	Hele landet	Oslo	Kuben videregående skole			3,3	173	3,7	175
2	3	NOR1267	I	3	974590913	Norsk hovedmål, vg3 studieforberedende utdanningsprogram, skriftlig	Hele landet	Oslo	Lambertseter videregående skole			3,5	285	4,0	287
2	3	NOR1267	I	3	996216454	Norsk hovedmål, vg3 studieforberedende utdanningsprogram, skriftlig	Hele landet	Oslo	Nydalen videregående skole			4,5	189	4,9	192
2	3	NOR1267	I	3	974590883	Norsk hovedmål, vg3 studieforberedende utdanningsprogram, skriftlig	Hele landet	Oslo	Oslo Handelsgymnasium			3,5	248	4,0	249
2	3	NOR1267	I	3	874590932	Norsk hovedmål, vg3 studieforberedende utdanningsprogram, skriftlig	Hele landet	Oslo	Oslo katedralskole			4,4	179	4,8	180
2	3	NOR1267	I	3	972286389	Norsk hovedmål, vg3 studieforberedende utdanningsprogram, skriftlig	Hele landet	Oslo	Oslo private gymnasium AS			3,9	64	4,3	66
2	3	NOR1267	I	3	971816309	Norsk hovedmål, vg3 studieforberedende utdanningsprogram, skriftlig	Hele landet	Oslo	Otto Treider private gymnas AS			3,5	69	3,2	70
2	3	NOR1267	I	3	974590948	Norsk hovedmål, vg3 studieforberedende utdanningsprogram, skriftlig	Hele landet	Oslo	Persbråten videregående skole			3,3	174	3,5	176
2	3	NOR1267	I	3	974591065	Norsk hovedmål, vg3 studieforberedende utdanningsprogram, skriftlig	Hele landet	Oslo	Stovner videregående skole			3,2	87	3,5	90
2	3	NOR1267	I	3	974590964	Norsk hovedmål, vg3 studieforberedende utdanningsprogram, skriftlig	Hele landet	Oslo	Ullern videregående skole			4,3	272	4,6	273
2	3	NOR1267	I	3	974590972	Norsk hovedmål, vg3 studieforberedende utdanningsprogram, skriftlig	Hele landet	Oslo	Ulsrud videregående skole			3,2	53	3,5	54
2	3	NOR1267	I	3	917527067	Norsk hovedmål, vg3 studieforberedende utdanningsprogram, skriftlig	Hele landet	Oslo	Valle Hovin videregående skole			3,6	158	4,3	159
2	3	NOR1267	I	3	925607797	Norsk hovedmål, vg3 studieforberedende utdanningsprogram, skriftlig	Hele landet	Oslo	Vika videregående skole			3,7	147	4,2	148
2	3	NOR1267	I	3	971816317	Norsk hovedmål, vg3 studieforberedende utdanningsprogram, skriftlig	Hele landet	Oslo	Wang videregående Skole/ Wang Toppidrett			3,9	215	4,1	216
2	0	NOR1268	Alle	0	Alle	Norsk sidemål, vg3 studieforberedende utdanningsprogram, skriftlig	Hele landet	Alle fylker	Alle skoler			3,6	16 352	3,9	28 053
2	1	NOR1268	I	0	I	Norsk sidemål, vg3 studieforberedende utdanningsprogram, skriftlig	Hele landet	Alle fylker	Alle skoler			3,6	16 352	3,9	28 053
2	2	NOR1268	I	3	03	Norsk sidemål, vg3 studieforberedende utdanningsprogram, skriftlig	Hele landet	Oslo	Alle skoler			3,7	2 078	4,0	4 015
2	3	NOR1268	I	3	887664102	Norsk sidemål, vg3 studieforberedende utdanningsprogram, skriftlig	Hele landet	Oslo	Akademiet Oslo AS			3,0	63	3,7	100
2	3	NOR1268	I	3	988938386	Norsk sidemål, vg3 studieforberedende utdanningsprogram, skriftlig	Hele landet	Oslo	Akademiet Vgs Bislett AS			3,3	26	4,1	42
2	3	NOR1268	I	3	974591006	Norsk sidemål, vg3 studieforberedende utdanningsprogram, skriftlig	Hele landet	Oslo	Bjerke videregående skole			3,2	128	3,7	204
2	3	NOR1268	I	3	990574898	Norsk sidemål, vg3 studieforberedende utdanningsprogram, skriftlig	Hele landet	Oslo	Bjørnholt videregående skole			2,9	19	3,4	36
2	3	NOR1268	I	3	912703312	Norsk sidemål, vg3 studieforberedende utdanningsprogram, skriftlig	Hele landet	Oslo	Blindern videregående skole			3,7	63	3,9	187
2	3	NOR1268	I	3	912001709	Norsk sidemål, vg3 studieforberedende utdanningsprogram, skriftlig	Hele landet	Oslo	Edvard Munch videregående skole			4,1	175	4,3	281
2	3	NOR1268	I	3	873626372	Norsk sidemål, vg3 studieforberedende utdanningsprogram, skriftlig	Hele landet	Oslo	Eikelund videregående skole					*	*
2	3	NOR1268	I	3	974590999	Norsk sidemål, vg3 studieforberedende utdanningsprogram, skriftlig	Hele landet	Oslo	Elvebakken videregående skole			4,2	190	4,6	335
2	3	NOR1268	I	3	974590867	Norsk sidemål, vg3 studieforberedende utdanningsprogram, skriftlig	Hele landet	Oslo	Foss videregående skole			4,1	119	4,2	269
2	3	NOR1268	I	3	995821664	Norsk sidemål, vg3 studieforberedende utdanningsprogram, skriftlig	Hele landet	Oslo	Fyrstikkalleen skole			3,0	67	3,5	147
2	3	NOR1268	I	3	974590891	Norsk sidemål, vg3 studieforberedende utdanningsprogram, skriftlig	Hele landet	Oslo	Hartvig Nissens skole			3,7	48	3,9	141
2	3	NOR1268	I	3	974590956	Norsk sidemål, vg3 studieforberedende utdanningsprogram, skriftlig	Hele landet	Oslo	Hellerud videregående skole			2,8	32	3,3	52
2	3	NOR1268	I	3	974192020	Norsk sidemål, vg3 studieforberedende utdanningsprogram, skriftlig	Hele landet	Oslo	Heltberg private gymnas			3,3	24	4,1	44
2	3	NOR1268	I	3	912001008	Norsk sidemål, vg3 studieforberedende utdanningsprogram, skriftlig	Hele landet	Oslo	Hersleb videregående skole			2,9	22	3,0	31
2	3	NOR1268	I	3	999173926	Norsk sidemål, vg3 studieforberedende utdanningsprogram, skriftlig	Hele landet	Oslo	Kongshavn videregående skole			3,8	87	3,7	104
2	3	NOR1268	I	3	873626402	Norsk sidemål, vg3 studieforberedende utdanningsprogram, skriftlig	Hele landet	Oslo	Kongsskogen videregående skole			*	*	*	*
2	3	NOR1268	I	3	974117797	Norsk sidemål, vg3 studieforberedende utdanningsprogram, skriftlig	Hele landet	Oslo	Kristelig gymnasium AS videregående skole			4,0	46	4,1	158
2	3	NOR1268	I	3	899178092	Norsk sidemål, vg3 studieforberedende utdanningsprogram, skriftlig	Hele landet	Oslo	Kuben videregående skole			3,0	42	3,7	103
2	3	NOR1268	I	3	974590913	Norsk sidemål, vg3 studieforberedende utdanningsprogram, skriftlig	Hele landet	Oslo	Lambertseter videregående skole			3,6	119	3,7	223
2	3	NOR1268	I	3	996216454	Norsk sidemål, vg3 studieforberedende utdanningsprogram, skriftlig	Hele landet	Oslo	Nydalen videregående skole			4,5	65	4,7	171
2	3	NOR1268	I	3	974590883	Norsk sidemål, vg3 studieforberedende utdanningsprogram, skriftlig	Hele landet	Oslo	Oslo Handelsgymnasium			3,5	97	3,8	208
2	3	NOR1268	I	3	874590932	Norsk sidemål, vg3 studieforberedende utdanningsprogram, skriftlig	Hele landet	Oslo	Oslo katedralskole			4,3	106	4,6	164
2	3	NOR1268	I	3	972286389	Norsk sidemål, vg3 studieforberedende utdanningsprogram, skriftlig	Hele landet	Oslo	Oslo private gymnasium AS			3,9	23	4,2	57
2	3	NOR1268	I	3	971816309	Norsk sidemål, vg3 studieforberedende utdanningsprogram, skriftlig	Hele landet	Oslo	Otto Treider private gymnas AS			3,6	27	3,3	52
2	3	NOR1268	I	3	974590948	Norsk sidemål, vg3 studieforberedende utdanningsprogram, skriftlig	Hele landet	Oslo	Persbråten videregående skole			3,2	68	3,4	129
2	3	NOR1268	I	3	974591065	Norsk sidemål, vg3 studieforberedende utdanningsprogram, skriftlig	Hele landet	Oslo	Stovner videregående skole			2,9	21	3,5	53
2	3	NOR1268	I	3	974590964	Norsk sidemål, vg3 studieforberedende utdanningsprogram, skriftlig	Hele landet	Oslo	Ullern videregående skole			4,0	111	4,3	245
2	3	NOR1268	I	3	974590972	Norsk sidemål, vg3 studieforberedende utdanningsprogram, skriftlig	Hele landet	Oslo	Ulsrud videregående skole			*	*	3,1	25
2	3	NOR1268	I	3	917527067	Norsk sidemål, vg3 studieforberedende utdanningsprogram, skriftlig	Hele landet	Oslo	Valle Hovin videregående skole			3,9	88	3,9	129
2	3	NOR1268	I	3	925607797	Norsk sidemål, vg3 studieforberedende utdanningsprogram, skriftlig	Hele landet	Oslo	Vika videregående skole			3,5	83	4,1	129
2	3	NOR1268	I	3	971816317	Norsk sidemål, vg3 studieforberedende utdanningsprogram, skriftlig	Hele landet	Oslo	Wang videregående Skole/ Wang Toppidrett			3,9	97	4,0	184
2	0	NOR1269	Alle	0	Alle	Norsk, vg3 studieforberedende utdanningsprogram, muntlig	Hele landet	Alle fylker	Alle skoler	4,6	6 325			4,6	32 493
2	1	NOR1269	I	0	I	Norsk, vg3 studieforberedende utdanningsprogram, muntlig	Hele landet	Alle fylker	Alle skoler	4,6	6 325			4,6	32 493
2	2	NOR1269	I	3	03	Norsk, vg3 studieforberedende utdanningsprogram, muntlig	Hele landet	Oslo	Alle skoler	4,7	1 088			4,7	5 106
2	3	NOR1269	I	3	887664102	Norsk, vg3 studieforberedende utdanningsprogram, muntlig	Hele landet	Oslo	Akademiet Oslo AS	4,0	30			4,3	136
2	3	NOR1269	I	3	988938386	Norsk, vg3 studieforberedende utdanningsprogram, muntlig	Hele landet	Oslo	Akademiet Vgs Bislett AS	4,8	8			*	*
2	3	NOR1269	I	3	974591006	Norsk, vg3 studieforberedende utdanningsprogram, muntlig	Hele landet	Oslo	Bjerke videregående skole	4,1	43			4,5	289
2	3	NOR1269	I	3	990574898	Norsk, vg3 studieforberedende utdanningsprogram, muntlig	Hele landet	Oslo	Bjørnholt videregående skole	4,0	31			4,2	79
2	3	NOR1269	I	3	912703312	Norsk, vg3 studieforberedende utdanningsprogram, muntlig	Hele landet	Oslo	Blindern videregående skole	4,9	37			4,6	220
2	3	NOR1269	I	3	973480634	Norsk, vg3 studieforberedende utdanningsprogram, muntlig	Hele landet	Oslo	Den Tysk-Norske skolen i Oslo avd grunnskole Sporveisgata					*	*
2	3	NOR1269	I	3	912001709	Norsk, vg3 studieforberedende utdanningsprogram, muntlig	Hele landet	Oslo	Edvard Munch videregående skole	5,0	79			4,9	346
2	3	NOR1269	I	3	873626372	Norsk, vg3 studieforberedende utdanningsprogram, muntlig	Hele landet	Oslo	Eikelund videregående skole	*	*			4,4	14
2	3	NOR1269	I	3	974590999	Norsk, vg3 studieforberedende utdanningsprogram, muntlig	Hele landet	Oslo	Elvebakken videregående skole	5,2	98			5,4	377
2	3	NOR1269	I	3	974590867	Norsk, vg3 studieforberedende utdanningsprogram, muntlig	Hele landet	Oslo	Foss videregående skole	5,1	64			5,0	302
2	3	NOR1269	I	3	995821664	Norsk, vg3 studieforberedende utdanningsprogram, muntlig	Hele landet	Oslo	Fyrstikkalleen skole	4,8	47			4,3	187
2	3	NOR1269	I	3	974590891	Norsk, vg3 studieforberedende utdanningsprogram, muntlig	Hele landet	Oslo	Hartvig Nissens skole	5,2	28			4,7	180
2	3	NOR1269	I	3	974590956	Norsk, vg3 studieforberedende utdanningsprogram, muntlig	Hele landet	Oslo	Hellerud videregående skole	3,4	24			3,8	99
2	3	NOR1269	I	3	974192020	Norsk, vg3 studieforberedende utdanningsprogram, muntlig	Hele landet	Oslo	Heltberg private gymnas	4,1	14			4,1	65
2	3	NOR1269	I	3	912001008	Norsk, vg3 studieforberedende utdanningsprogram, muntlig	Hele landet	Oslo	Hersleb videregående skole	3,5	14			3,8	73
2	3	NOR1269	I	3	999173926	Norsk, vg3 studieforberedende utdanningsprogram, muntlig	Hele landet	Oslo	Kongshavn videregående skole	4,6	31			4,3	142
2	3	NOR1269	I	3	873626402	Norsk, vg3 studieforberedende utdanningsprogram, muntlig	Hele landet	Oslo	Kongsskogen videregående skole	*	*			4,8	21
2	3	NOR1269	I	3	974117797	Norsk, vg3 studieforberedende utdanningsprogram, muntlig	Hele landet	Oslo	Kristelig gymnasium AS videregående skole	5,3	44			5,0	180
2	3	NOR1269	I	3	899178092	Norsk, vg3 studieforberedende utdanningsprogram, muntlig	Hele landet	Oslo	Kuben videregående skole	4,3	52			4,2	173
2	3	NOR1269	I	3	974590913	Norsk, vg3 studieforberedende utdanningsprogram, muntlig	Hele landet	Oslo	Lambertseter videregående skole	4,4	64			4,3	284
2	3	NOR1269	I	3	996216454	Norsk, vg3 studieforberedende utdanningsprogram, muntlig	Hele landet	Oslo	Nydalen videregående skole	5,5	40			5,5	192
2	3	NOR1269	I	3	974590883	Norsk, vg3 studieforberedende utdanningsprogram, muntlig	Hele landet	Oslo	Oslo Handelsgymnasium	4,5	49			4,6	247
2	3	NOR1269	I	3	874590932	Norsk, vg3 studieforberedende utdanningsprogram, muntlig	Hele landet	Oslo	Oslo katedralskole	5,2	33			5,3	180
2	3	NOR1269	I	3	972286389	Norsk, vg3 studieforberedende utdanningsprogram, muntlig	Hele landet	Oslo	Oslo private gymnasium AS	5,0	15			5,0	66
2	3	NOR1269	I	3	971816309	Norsk, vg3 studieforberedende utdanningsprogram, muntlig	Hele landet	Oslo	Otto Treider private gymnas AS	4,1	14			4,0	71
2	3	NOR1269	I	3	974590948	Norsk, vg3 studieforberedende utdanningsprogram, muntlig	Hele landet	Oslo	Persbråten videregående skole	4,3	47			4,0	174
2	3	NOR1269	I	3	974591065	Norsk, vg3 studieforberedende utdanningsprogram, muntlig	Hele landet	Oslo	Stovner videregående skole	3,8	21			3,7	90
2	3	NOR1269	I	3	974590964	Norsk, vg3 studieforberedende utdanningsprogram, muntlig	Hele landet	Oslo	Ullern videregående skole	5,4	34			5,0	273
2	3	NOR1269	I	3	974590972	Norsk, vg3 studieforberedende utdanningsprogram, muntlig	Hele landet	Oslo	Ulsrud videregående skole	3,9	20			3,9	53
2	3	NOR1269	I	3	917527067	Norsk, vg3 studieforberedende utdanningsprogram, muntlig	Hele landet	Oslo	Valle Hovin videregående skole	4,3	35			4,8	160
2	3	NOR1269	I	3	925607797	Norsk, vg3 studieforberedende utdanningsprogram, muntlig	Hele landet	Oslo	Vika videregående skole	4,6	31			4,7	148
2	3	NOR1269	I	3	971816317	Norsk, vg3 studieforberedende utdanningsprogram, muntlig	Hele landet	Oslo	Wang videregående Skole/ Wang Toppidrett	4,9	32			4,8	216
2	0	NOR1270	Alle	0	Alle	Norsk hovedmål, vg3 påbygging til generell studiekompetanse, skriftlig	Hele landet	Alle fylker	Alle skoler			3,1	8 569	3,6	8 663
2	1	NOR1270	I	0	I	Norsk hovedmål, vg3 påbygging til generell studiekompetanse, skriftlig	Hele landet	Alle fylker	Alle skoler			3,1	8 569	3,6	8 663
2	2	NOR1270	I	3	03	Norsk hovedmål, vg3 påbygging til generell studiekompetanse, skriftlig	Hele landet	Oslo	Alle skoler			3,0	534	3,3	556
2	3	NOR1270	I	3	887664102	Norsk hovedmål, vg3 påbygging til generell studiekompetanse, skriftlig	Hele landet	Oslo	Akademiet Oslo AS			2,9	54	3,9	54
2	3	NOR1270	I	3	988938386	Norsk hovedmål, vg3 påbygging til generell studiekompetanse, skriftlig	Hele landet	Oslo	Akademiet Vgs Bislett AS			3,1	17	3,7	26
2	3	NOR1270	I	3	873626372	Norsk hovedmål, vg3 påbygging til generell studiekompetanse, skriftlig	Hele landet	Oslo	Eikelund videregående skole			3,9	7	3,6	17
2	3	NOR1270	I	3	974590999	Norsk hovedmål, vg3 påbygging til generell studiekompetanse, skriftlig	Hele landet	Oslo	Elvebakken videregående skole			3,7	27	3,7	27
2	3	NOR1270	I	3	974591022	Norsk hovedmål, vg3 påbygging til generell studiekompetanse, skriftlig	Hele landet	Oslo	Etterstad videregående skole			2,9	87	3,3	88
2	3	NOR1270	I	3	974590956	Norsk hovedmål, vg3 påbygging til generell studiekompetanse, skriftlig	Hele landet	Oslo	Hellerud videregående skole			2,8	86	3,0	88
2	3	NOR1270	I	3	912001008	Norsk hovedmål, vg3 påbygging til generell studiekompetanse, skriftlig	Hele landet	Oslo	Hersleb videregående skole			3,1	94	3,5	94
2	3	NOR1270	I	3	899178092	Norsk hovedmål, vg3 påbygging til generell studiekompetanse, skriftlig	Hele landet	Oslo	Kuben videregående skole			3,4	28	3,4	28
2	3	NOR1270	I	3	974714426	Norsk hovedmål, vg3 påbygging til generell studiekompetanse, skriftlig	Hele landet	Oslo	Natur videregående skole Sti			3,7	29	3,7	29
2	3	NOR1270	I	3	974591065	Norsk hovedmål, vg3 påbygging til generell studiekompetanse, skriftlig	Hele landet	Oslo	Stovner videregående skole			2,7	65	3,1	65
2	3	NOR1270	I	3	974590972	Norsk hovedmål, vg3 påbygging til generell studiekompetanse, skriftlig	Hele landet	Oslo	Ulsrud videregående skole			2,6	40	2,7	40
2	0	NOR1271	Alle	0	Alle	Norsk sidemål, vg3 påbygging til generell studiekompetanse, skriftlig	Hele landet	Alle fylker	Alle skoler			3,1	3 590	3,4	6 664
2	1	NOR1271	I	0	I	Norsk sidemål, vg3 påbygging til generell studiekompetanse, skriftlig	Hele landet	Alle fylker	Alle skoler			3,1	3 590	3,4	6 664
2	2	NOR1271	I	3	03	Norsk sidemål, vg3 påbygging til generell studiekompetanse, skriftlig	Hele landet	Oslo	Alle skoler			3,0	162	3,4	271
2	3	NOR1271	I	3	887664102	Norsk sidemål, vg3 påbygging til generell studiekompetanse, skriftlig	Hele landet	Oslo	Akademiet Oslo AS			2,7	22	3,9	33
2	3	NOR1271	I	3	988938386	Norsk sidemål, vg3 påbygging til generell studiekompetanse, skriftlig	Hele landet	Oslo	Akademiet Vgs Bislett AS			2,7	11	3,5	21
2	3	NOR1271	I	3	974590999	Norsk sidemål, vg3 påbygging til generell studiekompetanse, skriftlig	Hele landet	Oslo	Elvebakken videregående skole			3,5	11	3,7	15
2	3	NOR1271	I	3	974591022	Norsk sidemål, vg3 påbygging til generell studiekompetanse, skriftlig	Hele landet	Oslo	Etterstad videregående skole			3,3	39	3,3	48
2	3	NOR1271	I	3	974590956	Norsk sidemål, vg3 påbygging til generell studiekompetanse, skriftlig	Hele landet	Oslo	Hellerud videregående skole			3,1	28	3,2	33
2	3	NOR1271	I	3	912001008	Norsk sidemål, vg3 påbygging til generell studiekompetanse, skriftlig	Hele landet	Oslo	Hersleb videregående skole			3,3	16	3,5	44
2	3	NOR1271	I	3	899178092	Norsk sidemål, vg3 påbygging til generell studiekompetanse, skriftlig	Hele landet	Oslo	Kuben videregående skole			3,1	7	3,5	15
2	3	NOR1271	I	3	974714426	Norsk sidemål, vg3 påbygging til generell studiekompetanse, skriftlig	Hele landet	Oslo	Natur videregående skole Sti					3,6	23
2	3	NOR1271	I	3	974591065	Norsk sidemål, vg3 påbygging til generell studiekompetanse, skriftlig	Hele landet	Oslo	Stovner videregående skole			2,4	16	3,2	26
2	3	NOR1271	I	3	974590972	Norsk sidemål, vg3 påbygging til generell studiekompetanse, skriftlig	Hele landet	Oslo	Ulsrud videregående skole			3,2	12	2,7	13
2	0	NOR1272	Alle	0	Alle	Norsk, vg3 påbygging til generell studiekompetanse, muntlig	Hele landet	Alle fylker	Alle skoler	4,1	2 348			4,1	8 644
2	1	NOR1272	I	0	I	Norsk, vg3 påbygging til generell studiekompetanse, muntlig	Hele landet	Alle fylker	Alle skoler	4,1	2 348			4,1	8 644
2	2	NOR1272	I	3	03	Norsk, vg3 påbygging til generell studiekompetanse, muntlig	Hele landet	Oslo	Alle skoler	3,9	170			3,9	553
2	3	NOR1272	I	3	887664102	Norsk, vg3 påbygging til generell studiekompetanse, muntlig	Hele landet	Oslo	Akademiet Oslo AS	4,7	15			4,7	54
2	3	NOR1272	I	3	988938386	Norsk, vg3 påbygging til generell studiekompetanse, muntlig	Hele landet	Oslo	Akademiet Vgs Bislett AS	3,6	7			4,1	25
2	3	NOR1272	I	3	873626372	Norsk, vg3 påbygging til generell studiekompetanse, muntlig	Hele landet	Oslo	Eikelund videregående skole					3,9	13
2	3	NOR1272	I	3	974590999	Norsk, vg3 påbygging til generell studiekompetanse, muntlig	Hele landet	Oslo	Elvebakken videregående skole	*	*			4,2	27
2	3	NOR1272	I	3	974591022	Norsk, vg3 påbygging til generell studiekompetanse, muntlig	Hele landet	Oslo	Etterstad videregående skole	4,1	33			4,0	90
2	3	NOR1272	I	3	974590956	Norsk, vg3 påbygging til generell studiekompetanse, muntlig	Hele landet	Oslo	Hellerud videregående skole	3,9	36			3,5	88
2	3	NOR1272	I	3	912001008	Norsk, vg3 påbygging til generell studiekompetanse, muntlig	Hele landet	Oslo	Hersleb videregående skole	3,8	37			4,0	94
2	3	NOR1272	I	3	899178092	Norsk, vg3 påbygging til generell studiekompetanse, muntlig	Hele landet	Oslo	Kuben videregående skole	4,9	8			4,5	28
2	3	NOR1272	I	3	974714426	Norsk, vg3 påbygging til generell studiekompetanse, muntlig	Hele landet	Oslo	Natur videregående skole Sti					3,8	29
2	3	NOR1272	I	3	974591065	Norsk, vg3 påbygging til generell studiekompetanse, muntlig	Hele landet	Oslo	Stovner videregående skole	3,5	21			3,6	65
2	3	NOR1272	I	3	974590972	Norsk, vg3 påbygging til generell studiekompetanse, muntlig	Hele landet	Oslo	Ulsrud videregående skole	*	*			3,1	40
